{"Labels": [], "Mosaics": {"_type": "images/separated", "width": 1024, "height": 1024, "format": "jpg", "count": 8, "filenames": ["media/images/Mosaics_0_cb8ec22ccdc69d7b34fc.jpg", "media/images/Mosaics_0_4aeb021c6c3d75a241f0.jpg", "media/images/Mosaics_0_8f197dfc3afdf5949610.jpg", "media/images/Mosaics_0_d2129d45fb413fb5b68e.jpg", "media/images/Mosaics_0_d8123d1578d59951ae56.jpg", "media/images/Mosaics_0_d0af7c0e5a86409fedc2.jpg", "media/images/Mosaics_0_0eb75a8529832ee3337e.jpg", "media/images/Mosaics_0_566075a46623e4bb4758.jpg"], "captions": ["train_batch0.jpg", "train_batch1.jpg", "train_batch2.jpg", "train_batch3.jpg", "train_batch4.jpg", "train_batch5.jpg", "train_batch6.jpg", "train_batch7.jpg"]}, "train/box_loss": 0.071477010846138, "train/obj_loss": 0.027075577527284622, "train/cls_loss": 0.015946080908179283, "train/theta_loss": 0.13616764545440674, "metrics/precision": 0.462887292209027, "metrics/recall": 0.38400039166278155, "metrics/HBBmAP.5": 0.3386763889320191, "metrics/HBBmAP.5:.95": 0.131365177118345, "val/box_loss": 0.06547123938798904, "val/obj_loss": 0.022526811808347702, "val/cls_loss": 0.017371324822306633, "val/theta_loss": 0.12762805819511414, "x/lr0": 0.008676522425435434, "x/lr1": 0.008676522425435434, "x/lr2": 0.008676522425435434, "_timestamp": 1694544259.982465, "_runtime": 17436.030866146088, "_step": 81, "BoundingBoxDebugger": {"_type": "images/separated", "width": 544, "height": 384, "format": "png", "count": 16, "filenames": ["media/images/BoundingBoxDebugger_59_72c0315e67d0ca53e0fb.png", "media/images/BoundingBoxDebugger_59_b37b611531300ac9c0b6.png", "media/images/BoundingBoxDebugger_59_634241725a1291c86478.png", "media/images/BoundingBoxDebugger_59_a1cfea7089dd09160ca4.png", "media/images/BoundingBoxDebugger_59_a355bfae6e31c4e68e7d.png", "media/images/BoundingBoxDebugger_59_2388eb8294fbae1dfc7e.png", "media/images/BoundingBoxDebugger_59_456c744dccf46e95ccbd.png", "media/images/BoundingBoxDebugger_59_146f31aaa6d2f4e4b7f6.png", "media/images/BoundingBoxDebugger_59_c6d25c9e7e1e2910816d.png", "media/images/BoundingBoxDebugger_59_b69f2aa5b87d34064ab0.png", "media/images/BoundingBoxDebugger_59_30edaf569976b417c532.png", "media/images/BoundingBoxDebugger_59_20ee5452875675c3a0b8.png", "media/images/BoundingBoxDebugger_59_f57b2d6e5c7a3b34382d.png", "media/images/BoundingBoxDebugger_59_2e30e0ccd7a9bcccdc3e.png", "media/images/BoundingBoxDebugger_59_a56cc63e2508386f7070.png", "media/images/BoundingBoxDebugger_59_701b2ae1aae6b40c0e4f.png"], "captions": ["000001.jpg", "000362.jpg", "000368.jpg", "000359.jpg", "000280.jpg", "000028.jpg", "000022.jpg", "000043.jpg", "000052.jpg", "000055.jpg", "000038.jpg", "000062.jpg", "000526.jpg", "000497.jpg", "000451.jpg", "000399.jpg"], "all_boxes": [{"predictions": {"_type": "boxes2D", "sha256": "d21e211fa3fe3becd6ca2eb8483316c9d29035ced71f50f24ad9324d587f3913", "size": 10648, "path": "media/metadata/boxes2D/BoundingBoxDebugger_59_d21e211fa3fe3becd6ca.boxes2D.json"}}, {"predictions": {"_type": "boxes2D", "sha256": "d1ca0ac34804914bb20e82d6f741ecb4aac178161fa5d81bc844e3589d673ef0", "size": 21904, "path": "media/metadata/boxes2D/BoundingBoxDebugger_59_d1ca0ac34804914bb20e.boxes2D.json"}}, {"predictions": {"_type": "boxes2D", "sha256": "bb515c2f183596ef9a6f6cc41c50296ffdccea19148b8b210ec8309b23eff84c", "size": 15335, "path": "media/metadata/boxes2D/BoundingBoxDebugger_59_bb515c2f183596ef9a6f.boxes2D.json"}}, {"predictions": {"_type": "boxes2D", "sha256": "2ab2b4e1216b09586943dea4882eb5fe7cf448464969fd3a898a5443a05408aa", "size": 13081, "path": "media/metadata/boxes2D/BoundingBoxDebugger_59_2ab2b4e1216b09586943.boxes2D.json"}}, {"predictions": {"_type": "boxes2D", "sha256": "05e4a90120a77961d161afea2d3448d8fb212f0dc5083537605abf46d26a328e", "size": 18012, "path": "media/metadata/boxes2D/BoundingBoxDebugger_59_05e4a90120a77961d161.boxes2D.json"}}, {"predictions": {"_type": "boxes2D", "sha256": "776a80a52bd4c275706185b32bec2551b896b5f93a55b4479af458463e132f2a", "size": 11374, "path": "media/metadata/boxes2D/BoundingBoxDebugger_59_776a80a52bd4c2757061.boxes2D.json"}}, {"predictions": {"_type": "boxes2D", "sha256": "f646dc5c22c9351f5152919d828bc4105d15d076e2c735e535e2bbfe0e4639a5", "size": 14058, "path": "media/metadata/boxes2D/BoundingBoxDebugger_59_f646dc5c22c9351f5152.boxes2D.json"}}, {"predictions": {"_type": "boxes2D", "sha256": "7afe43999bdc35de76444543ba9906e5f78ae8b74d6e27c33e62b63df5529486", "size": 11892, "path": "media/metadata/boxes2D/BoundingBoxDebugger_59_7afe43999bdc35de7644.boxes2D.json"}}, {"predictions": {"_type": "boxes2D", "sha256": "fd3f2c6d931c6a5a7792df7259befe43df1b89a5c8685fcc1d7601a0681b8e33", "size": 8123, "path": "media/metadata/boxes2D/BoundingBoxDebugger_59_fd3f2c6d931c6a5a7792.boxes2D.json"}}, {"predictions": {"_type": "boxes2D", "sha256": "2e1427751b5280bb03aee41be10126dc737b54c4ca600ef664bccba26a34c831", "size": 9209, "path": "media/metadata/boxes2D/BoundingBoxDebugger_59_2e1427751b5280bb03ae.boxes2D.json"}}, {"predictions": {"_type": "boxes2D", "sha256": "55d33c9780849c0cd6092df8a1cdce0c897c695e475220e09f229f5c029bfd7f", "size": 16788, "path": "media/metadata/boxes2D/BoundingBoxDebugger_59_55d33c9780849c0cd609.boxes2D.json"}}, {"predictions": {"_type": "boxes2D", "sha256": "704e5cf45c4e96b5aa941306b67661445db34fafda809ce367f6d88153034f5e", "size": 7748, "path": "media/metadata/boxes2D/BoundingBoxDebugger_59_704e5cf45c4e96b5aa94.boxes2D.json"}}, {"predictions": {"_type": "boxes2D", "sha256": "f16d1eb8951b6ce572ca68b2059bb6ab39aa0ee4bec991033a90e228bb82c6eb", "size": 10588, "path": "media/metadata/boxes2D/BoundingBoxDebugger_59_f16d1eb8951b6ce572ca.boxes2D.json"}}, {"predictions": {"_type": "boxes2D", "sha256": "783dd2f79ec78ff664502be409ec17e53ffc0d45d9a4bd148d27e3f8c6678423", "size": 16790, "path": "media/metadata/boxes2D/BoundingBoxDebugger_59_783dd2f79ec78ff66450.boxes2D.json"}}, {"predictions": {"_type": "boxes2D", "sha256": "f6532318b65889db5d895d58b28e35c2a9eb68b96539c09450d7859694477c52", "size": 28526, "path": "media/metadata/boxes2D/BoundingBoxDebugger_59_f6532318b65889db5d89.boxes2D.json"}}, {"predictions": {"_type": "boxes2D", "sha256": "d04a931774b2da1c4c9049ec2930f72885acf9f8892fbd75d9a2be4b015e99a7", "size": 35641, "path": "media/metadata/boxes2D/BoundingBoxDebugger_59_d04a931774b2da1c4c90.boxes2D.json"}}]}}