{"Labels": [], "Mosaics": {"_type": "images/separated", "width": 1024, "height": 1024, "format": "jpg", "count": 8, "filenames": ["media/images/Mosaics_0_1d137ecd0bc98d7ae7cb.jpg", "media/images/Mosaics_0_947b7d487bfaf682dd68.jpg", "media/images/Mosaics_0_983b115c37fa1a4fba30.jpg", "media/images/Mosaics_0_d5ec7e73b910e6fed13f.jpg", "media/images/Mosaics_0_a36359a177a60d9ded22.jpg", "media/images/Mosaics_0_5b56a091a9837c69f1a8.jpg", "media/images/Mosaics_0_2eb40c8e35b6662a6bbc.jpg", "media/images/Mosaics_0_2003dd0d5909bac2509c.jpg"], "captions": ["train_batch0.jpg", "train_batch1.jpg", "train_batch2.jpg", "train_batch3.jpg", "train_batch4.jpg", "train_batch5.jpg", "train_batch6.jpg", "train_batch7.jpg"]}, "train/box_loss": 0.1004447340965271, "train/obj_loss": 0.03828687593340874, "train/cls_loss": 0.04357072338461876, "train/theta_loss": 0.3496541380882263, "metrics/precision": 0.0029100897997857314, "metrics/recall": 0.014705882352941176, "metrics/HBBmAP.5": 0.0009188926267898016, "metrics/HBBmAP.5:.95": 0.0003513006287315872, "val/box_loss": 0.09716656804084778, "val/obj_loss": 0.03419584035873413, "val/cls_loss": 0.04428626224398613, "val/theta_loss": 0.3495660722255707, "x/lr0": 0.0033100000000000004, "x/lr1": 0.0033100000000000004, "x/lr2": 0.07021000000000001, "BoundingBoxDebugger": {"_type": "images/separated", "width": 544, "height": 384, "format": "png", "count": 16, "filenames": ["media/images/BoundingBoxDebugger_0_72c0315e67d0ca53e0fb.png", "media/images/BoundingBoxDebugger_0_b37b611531300ac9c0b6.png", "media/images/BoundingBoxDebugger_0_634241725a1291c86478.png", "media/images/BoundingBoxDebugger_0_a1cfea7089dd09160ca4.png", "media/images/BoundingBoxDebugger_0_a355bfae6e31c4e68e7d.png", "media/images/BoundingBoxDebugger_0_2388eb8294fbae1dfc7e.png", "media/images/BoundingBoxDebugger_0_456c744dccf46e95ccbd.png", "media/images/BoundingBoxDebugger_0_146f31aaa6d2f4e4b7f6.png", "media/images/BoundingBoxDebugger_0_c6d25c9e7e1e2910816d.png", "media/images/BoundingBoxDebugger_0_b69f2aa5b87d34064ab0.png", "media/images/BoundingBoxDebugger_0_30edaf569976b417c532.png", "media/images/BoundingBoxDebugger_0_20ee5452875675c3a0b8.png", "media/images/BoundingBoxDebugger_0_f57b2d6e5c7a3b34382d.png", "media/images/BoundingBoxDebugger_0_2e30e0ccd7a9bcccdc3e.png", "media/images/BoundingBoxDebugger_0_a56cc63e2508386f7070.png", "media/images/BoundingBoxDebugger_0_701b2ae1aae6b40c0e4f.png"], "captions": ["000001.jpg", "000362.jpg", "000368.jpg", "000359.jpg", "000280.jpg", "000028.jpg", "000022.jpg", "000043.jpg", "000052.jpg", "000055.jpg", "000038.jpg", "000062.jpg", "000526.jpg", "000497.jpg", "000451.jpg", "000399.jpg"], "all_boxes": [{"predictions": {"_type": "boxes2D", "sha256": "fed0ff6606dfae9d9a1c0a34500c62c9be6d558592a6dcc2c9e2d4ec573ea41d", "size": 63343, "path": "media/metadata/boxes2D/BoundingBoxDebugger_0_fed0ff6606dfae9d9a1c.boxes2D.json"}}, {"predictions": {"_type": "boxes2D", "sha256": "b72adc77c441009f101e5a8b22fb41ca5700813dea012914115fc15d4ef3454a", "size": 2360, "path": "media/metadata/boxes2D/BoundingBoxDebugger_0_b72adc77c441009f101e.boxes2D.json"}}, {"predictions": {"_type": "boxes2D", "sha256": "9e949c295beeb7eeabe0c02af3e3e416675bd29c0f8c6ed03b3939255591d3a7", "size": 11769, "path": "media/metadata/boxes2D/BoundingBoxDebugger_0_9e949c295beeb7eeabe0.boxes2D.json"}}, {"predictions": {"_type": "boxes2D", "sha256": "2fff836e735d79e185d500c5715632c3241c9e11995b20937e8b75d9792f2749", "size": 2081, "path": "media/metadata/boxes2D/BoundingBoxDebugger_0_2fff836e735d79e185d5.boxes2D.json"}}, {"predictions": {"_type": "boxes2D", "sha256": "db8a9876c1cf893c46b0437de0c7486ce65ba4589b5ee0a2aa207d5bdb6e3182", "size": 632, "path": "media/metadata/boxes2D/BoundingBoxDebugger_0_db8a9876c1cf893c46b0.boxes2D.json"}}, {"predictions": {"_type": "boxes2D", "sha256": "8f8ce5d2c86304f467ce47b210fb39ebf803f9c5ba2dab73303c347a00166a78", "size": 5074, "path": "media/metadata/boxes2D/BoundingBoxDebugger_0_8f8ce5d2c86304f467ce.boxes2D.json"}}, {"predictions": {"_type": "boxes2D", "sha256": "f9dbbe01d54d16de671cd2bdb1640fe2462103b16d0c1987ce061a91b76e0b28", "size": 1378, "path": "media/metadata/boxes2D/BoundingBoxDebugger_0_f9dbbe01d54d16de671c.boxes2D.json"}}, {"predictions": {"_type": "boxes2D", "sha256": "61fbfb236bda0a6e49ea532d45e231a584fa18966d626b62ba4bb04acfe6dd0b", "size": 631, "path": "media/metadata/boxes2D/BoundingBoxDebugger_0_61fbfb236bda0a6e49ea.boxes2D.json"}}, {"predictions": {"_type": "boxes2D", "sha256": "f88da4728ce1b9e902e74a112a747a911074bcd7767ad06d9f13750bf758fdc4", "size": 1859, "path": "media/metadata/boxes2D/BoundingBoxDebugger_0_f88da4728ce1b9e902e7.boxes2D.json"}}, {"predictions": {"_type": "boxes2D", "sha256": "c5120d528ee103970c09aada4e460d95ec1301fc1719c5acb847fba0f72c533f", "size": 384, "path": "media/metadata/boxes2D/BoundingBoxDebugger_0_c5120d528ee103970c09.boxes2D.json"}}, {"predictions": {"_type": "boxes2D", "sha256": "58ba794edd13500eca063fc6ea9a0009bc19fabcee487dcd7952bb7a06fa55f6", "size": 6817, "path": "media/metadata/boxes2D/BoundingBoxDebugger_0_58ba794edd13500eca06.boxes2D.json"}}, {"predictions": {"_type": "boxes2D", "sha256": "373bd507799e19d7ac143bbf0b7e047d8641ac5da421f0d5334c091c0949532b", "size": 13747, "path": "media/metadata/boxes2D/BoundingBoxDebugger_0_373bd507799e19d7ac14.boxes2D.json"}}, {"predictions": {"_type": "boxes2D", "sha256": "d57d8ad7850e6fdf4e263696785c84c25d9345e6190c2d687ad9335bc38034e7", "size": 1868, "path": "media/metadata/boxes2D/BoundingBoxDebugger_0_d57d8ad7850e6fdf4e26.boxes2D.json"}}, {"predictions": {"_type": "boxes2D", "sha256": "74d75d791381bab42f32e49166e2a94a92886f38dc0df46f3b1ca002def5a35f", "size": 8977, "path": "media/metadata/boxes2D/BoundingBoxDebugger_0_74d75d791381bab42f32.boxes2D.json"}}, {"predictions": {"_type": "boxes2D", "sha256": "ad808d757837588239fd2f6274ef9458f98a23a1b34737b43ffc1c923a781ac2", "size": 4346, "path": "media/metadata/boxes2D/BoundingBoxDebugger_0_ad808d757837588239fd.boxes2D.json"}}, {"predictions": {"_type": "boxes2D", "sha256": "b1189bab3f4c4f1969780e1a9d752d7c12b7a3e0956f6423426552969c8b990e", "size": 6815, "path": "media/metadata/boxes2D/BoundingBoxDebugger_0_b1189bab3f4c4f196978.boxes2D.json"}}]}, "_timestamp": 1694501011.8213649, "_runtime": 261.0606939792633, "_step": 0}