{"Labels": [], "Mosaics": {"_type": "images/separated", "width": 1024, "height": 1024, "format": "jpg", "count": 8, "filenames": ["media/images/Mosaics_0_9519c404bcd413988337.jpg", "media/images/Mosaics_0_b2041357bcf3a0f0045c.jpg", "media/images/Mosaics_0_c5825bdd677e158cf491.jpg", "media/images/Mosaics_0_cbe5a40bcd4aef253532.jpg", "media/images/Mosaics_0_8f98396c745a60f40ce7.jpg", "media/images/Mosaics_0_40a1ce0a58ff280125a2.jpg", "media/images/Mosaics_0_012d4735b2c825333636.jpg", "media/images/Mosaics_0_d1dcad8f40ac89cdd7b7.jpg"], "captions": ["train_batch0.jpg", "train_batch1.jpg", "train_batch2.jpg", "train_batch3.jpg", "train_batch4.jpg", "train_batch5.jpg", "train_batch6.jpg", "train_batch7.jpg"]}, "train/box_loss": 0.06037326902151108, "train/obj_loss": 0.02943117916584015, "train/cls_loss": 0.015888232737779617, "train/theta_loss": 0.142057865858078, "metrics/precision": 0.7375464214520268, "metrics/recall": 0.5007731985910354, "metrics/HBBmAP.5": 0.5715264477782658, "metrics/HBBmAP.5:.95": 0.2493365169673295, "val/box_loss": 0.049478884786367416, "val/obj_loss": 0.023811327293515205, "val/cls_loss": 0.014891693368554115, "val/theta_loss": 0.13218605518341064, "x/lr0": 0.002007893086286914, "x/lr1": 0.002007893086286914, "x/lr2": 0.002007893086286914, "_timestamp": 1694522391.0033188, "_runtime": 21334.236632823944, "_step": 100, "BoundingBoxDebugger": {"_type": "images/separated", "width": 544, "height": 384, "format": "png", "count": 16, "filenames": ["media/images/BoundingBoxDebugger_99_72c0315e67d0ca53e0fb.png", "media/images/BoundingBoxDebugger_99_b37b611531300ac9c0b6.png", "media/images/BoundingBoxDebugger_99_634241725a1291c86478.png", "media/images/BoundingBoxDebugger_99_a1cfea7089dd09160ca4.png", "media/images/BoundingBoxDebugger_99_a355bfae6e31c4e68e7d.png", "media/images/BoundingBoxDebugger_99_2388eb8294fbae1dfc7e.png", "media/images/BoundingBoxDebugger_99_456c744dccf46e95ccbd.png", "media/images/BoundingBoxDebugger_99_146f31aaa6d2f4e4b7f6.png", "media/images/BoundingBoxDebugger_99_c6d25c9e7e1e2910816d.png", "media/images/BoundingBoxDebugger_99_b69f2aa5b87d34064ab0.png", "media/images/BoundingBoxDebugger_99_30edaf569976b417c532.png", "media/images/BoundingBoxDebugger_99_20ee5452875675c3a0b8.png", "media/images/BoundingBoxDebugger_99_f57b2d6e5c7a3b34382d.png", "media/images/BoundingBoxDebugger_99_2e30e0ccd7a9bcccdc3e.png", "media/images/BoundingBoxDebugger_99_a56cc63e2508386f7070.png", "media/images/BoundingBoxDebugger_99_701b2ae1aae6b40c0e4f.png"], "captions": ["000001.jpg", "000362.jpg", "000368.jpg", "000359.jpg", "000280.jpg", "000028.jpg", "000022.jpg", "000043.jpg", "000052.jpg", "000055.jpg", "000038.jpg", "000062.jpg", "000526.jpg", "000497.jpg", "000451.jpg", "000399.jpg"], "all_boxes": [{"predictions": {"_type": "boxes2D", "sha256": "59c9b4a47de595b4ddc772a42dced984f729c2b561f06f9b8fe285b52ba5575a", "size": 8442, "path": "media/metadata/boxes2D/BoundingBoxDebugger_99_59c9b4a47de595b4ddc7.boxes2D.json"}}, {"predictions": {"_type": "boxes2D", "sha256": "0a585e5f43e4ef90efcc7f7a104f2f9904a3f9a5456074f6ae09cbe84d7d79ce", "size": 20120, "path": "media/metadata/boxes2D/BoundingBoxDebugger_99_0a585e5f43e4ef90efcc.boxes2D.json"}}, {"predictions": {"_type": "boxes2D", "sha256": "db6584dd591bdd89bd39c861ca3cabce91dc59638b5b0ab0b54eadf7b3986aa9", "size": 16697, "path": "media/metadata/boxes2D/BoundingBoxDebugger_99_db6584dd591bdd89bd39.boxes2D.json"}}, {"predictions": {"_type": "boxes2D", "sha256": "6d23ed7954fbe4eb6e3d9c141f8d80c458c56081c78e98707fda7abae7b07067", "size": 11744, "path": "media/metadata/boxes2D/BoundingBoxDebugger_99_6d23ed7954fbe4eb6e3d.boxes2D.json"}}, {"predictions": {"_type": "boxes2D", "sha256": "5b71ba835fa8459b4c77cb0a0281768fa7682ec0eccede88307fc4083c94893d", "size": 22430, "path": "media/metadata/boxes2D/BoundingBoxDebugger_99_5b71ba835fa8459b4c77.boxes2D.json"}}, {"predictions": {"_type": "boxes2D", "sha256": "96a08d03741242ce2c793554cebeecd44dc573847df7db4ce67ef9d53b557e95", "size": 12867, "path": "media/metadata/boxes2D/BoundingBoxDebugger_99_96a08d03741242ce2c79.boxes2D.json"}}, {"predictions": {"_type": "boxes2D", "sha256": "7d2389f1cae801199440c6dc235254d90b4e37be3e944020c5e6e61d325f634a", "size": 9883, "path": "media/metadata/boxes2D/BoundingBoxDebugger_99_7d2389f1cae801199440.boxes2D.json"}}, {"predictions": {"_type": "boxes2D", "sha256": "7bbecc325a5b4baf1420a241b62a62dc9c23d836c8bfa2471f673a7456686cb6", "size": 10251, "path": "media/metadata/boxes2D/BoundingBoxDebugger_99_7bbecc325a5b4baf1420.boxes2D.json"}}, {"predictions": {"_type": "boxes2D", "sha256": "d529df04628a328fc3c5ddbf464ec9392e23463e74ce7b7a3e92e74aee297954", "size": 8631, "path": "media/metadata/boxes2D/BoundingBoxDebugger_99_d529df04628a328fc3c5.boxes2D.json"}}, {"predictions": {"_type": "boxes2D", "sha256": "28f142f498464fbfeef9a134d0f972788d00daedee193a588744e57ad332ddb0", "size": 8723, "path": "media/metadata/boxes2D/BoundingBoxDebugger_99_28f142f498464fbfeef9.boxes2D.json"}}, {"predictions": {"_type": "boxes2D", "sha256": "6043c6e947f4ec74b28fdddd585e32b5698aeb90c2251daf4aaebfdee48ea8f4", "size": 8465, "path": "media/metadata/boxes2D/BoundingBoxDebugger_99_6043c6e947f4ec74b28f.boxes2D.json"}}, {"predictions": {"_type": "boxes2D", "sha256": "c6dbff565c00568128f4fa926540192d9b0ba99a9772793a71e18b73759e95e2", "size": 7669, "path": "media/metadata/boxes2D/BoundingBoxDebugger_99_c6dbff565c00568128f4.boxes2D.json"}}, {"predictions": {"_type": "boxes2D", "sha256": "52050bb958516e0d822edea6b609be2f8b25529aeda8c6bf54e85b6e70afe23c", "size": 7169, "path": "media/metadata/boxes2D/BoundingBoxDebugger_99_52050bb958516e0d822e.boxes2D.json"}}, {"predictions": {"_type": "boxes2D", "sha256": "7bba0c69c60a9b6954304de170b1065e301e3387327265e923a29941a8f8e041", "size": 15939, "path": "media/metadata/boxes2D/BoundingBoxDebugger_99_7bba0c69c60a9b695430.boxes2D.json"}}, {"predictions": {"_type": "boxes2D", "sha256": "0a47c1ef994daa6262f47c99e81e0b7ce1d875bb011e550a3ba6e68d0ccdcb91", "size": 24252, "path": "media/metadata/boxes2D/BoundingBoxDebugger_99_0a47c1ef994daa6262f4.boxes2D.json"}}, {"predictions": {"_type": "boxes2D", "sha256": "e1734c7fee0fc7be4bb0f0a02a9a74f6c3afe83f06749642f4c76d28f48bc021", "size": 23124, "path": "media/metadata/boxes2D/BoundingBoxDebugger_99_e1734c7fee0fc7be4bb0.boxes2D.json"}}]}, "Validation": {"_type": "images/separated", "width": 1088, "height": 768, "format": "jpg", "count": 6, "filenames": ["media/images/Validation_100_2484a990b2870895d950.jpg", "media/images/Validation_100_ea15f7ea15713ee00fd2.jpg", "media/images/Validation_100_3d941855b9bc20296517.jpg", "media/images/Validation_100_4c66e319c9b35531bfd2.jpg", "media/images/Validation_100_98dddee09de00e057c09.jpg", "media/images/Validation_100_fa5da1ab339c326b72b0.jpg"], "captions": ["val_batch0_labels.jpg", "val_batch0_pred.jpg", "val_batch1_labels.jpg", "val_batch1_pred.jpg", "val_batch2_labels.jpg", "val_batch2_pred.jpg"]}, "Results": {"_type": "images/separated", "width": 3600, "height": 1200, "format": "png", "count": 6, "filenames": ["media/images/Results_100_f73052b215c93271fe82.png", "media/images/Results_100_fd5907871644fa4fe0f9.png", "media/images/Results_100_9478e51d1888d5b948cb.png", "media/images/Results_100_2f4ce7901b0c756c2ce4.png", "media/images/Results_100_0cdaf531463e88b59298.png", "media/images/Results_100_0b91ea135969bbf1c819.png"], "captions": ["results.png", "confusion_matrix.png", "F1_curve.png", "PR_curve.png", "P_curve.png", "R_curve.png"]}, "_wandb": {"runtime": 21327}}