{"train/box_loss": 0.05148327350616455, "x/lr2": 0.002000877266100618, "val/obj_loss": 0.019952887669205666, "metrics/HBBmAP.5": 0.6912856691724577, "train/theta_loss": 0.08995896577835083, "x/lr1": 0.002000877266100618, "metrics/HBBmAP.5:.95": 0.4468944701121032, "_timestamp": 1694616457.690158, "_step": 234, "train/obj_loss": 0.023329591378569603, "x/lr0": 0.002000877266100618, "train/cls_loss": 0.007898212410509586, "val/theta_loss": 0.08771951496601105, "metrics/precision": 0.7810587197990487, "Mosaics": {"_type": "images/separated", "captions": ["train_batch0.jpg", "train_batch1.jpg", "train_batch2.jpg", "train_batch3.jpg", "train_batch4.jpg", "train_batch5.jpg", "train_batch6.jpg", "train_batch7.jpg"], "count": 8, "filenames": ["media/images/Mosaics_0_cb8ec22ccdc69d7b34fc.jpg", "media/images/Mosaics_0_4aeb021c6c3d75a241f0.jpg", "media/images/Mosaics_0_8f197dfc3afdf5949610.jpg", "media/images/Mosaics_0_d2129d45fb413fb5b68e.jpg", "media/images/Mosaics_0_d8123d1578d59951ae56.jpg", "media/images/Mosaics_0_d0af7c0e5a86409fedc2.jpg", "media/images/Mosaics_0_0eb75a8529832ee3337e.jpg", "media/images/Mosaics_0_566075a46623e4bb4758.jpg"], "format": "jpg", "height": 1024, "width": 1024}, "Labels": [], "_runtime": 50413.17196393013, "val/box_loss": 0.04012401029467583, "val/cls_loss": 0.011019978672266006, "metrics/recall": 0.6351840241435256, "BoundingBoxDebugger": {"_type": "images/separated", "width": 544, "height": 384, "format": "png", "count": 16, "filenames": ["media/images/BoundingBoxDebugger_233_72c0315e67d0ca53e0fb.png", "media/images/BoundingBoxDebugger_233_b37b611531300ac9c0b6.png", "media/images/BoundingBoxDebugger_233_634241725a1291c86478.png", "media/images/BoundingBoxDebugger_233_a1cfea7089dd09160ca4.png", "media/images/BoundingBoxDebugger_233_a355bfae6e31c4e68e7d.png", "media/images/BoundingBoxDebugger_233_2388eb8294fbae1dfc7e.png", "media/images/BoundingBoxDebugger_233_456c744dccf46e95ccbd.png", "media/images/BoundingBoxDebugger_233_146f31aaa6d2f4e4b7f6.png", "media/images/BoundingBoxDebugger_233_c6d25c9e7e1e2910816d.png", "media/images/BoundingBoxDebugger_233_b69f2aa5b87d34064ab0.png", "media/images/BoundingBoxDebugger_233_30edaf569976b417c532.png", "media/images/BoundingBoxDebugger_233_20ee5452875675c3a0b8.png", "media/images/BoundingBoxDebugger_233_f57b2d6e5c7a3b34382d.png", "media/images/BoundingBoxDebugger_233_2e30e0ccd7a9bcccdc3e.png", "media/images/BoundingBoxDebugger_233_a56cc63e2508386f7070.png", "media/images/BoundingBoxDebugger_233_701b2ae1aae6b40c0e4f.png"], "captions": ["000001.jpg", "000362.jpg", "000368.jpg", "000359.jpg", "000280.jpg", "000028.jpg", "000022.jpg", "000043.jpg", "000052.jpg", "000055.jpg", "000038.jpg", "000062.jpg", "000526.jpg", "000497.jpg", "000451.jpg", "000399.jpg"], "all_boxes": [{"predictions": {"_type": "boxes2D", "sha256": "271fb47cd1b09ea9c84fdf515347c106526cf04596eb99c8b07f868e0af846ed", "size": 2090, "path": "media/metadata/boxes2D/BoundingBoxDebugger_233_271fb47cd1b09ea9c84f.boxes2D.json"}}, {"predictions": {"_type": "boxes2D", "sha256": "3fcaa22ed00e14a3cc451bc9aaf524427b027b28055a5385e18759f9453278f7", "size": 9173, "path": "media/metadata/boxes2D/BoundingBoxDebugger_233_3fcaa22ed00e14a3cc45.boxes2D.json"}}, {"predictions": {"_type": "boxes2D", "sha256": "c3a037aa6445744f6debb8c0b88a1b8098ab518e82401a31765ff78348509945", "size": 7674, "path": "media/metadata/boxes2D/BoundingBoxDebugger_233_c3a037aa6445744f6deb.boxes2D.json"}}, {"predictions": {"_type": "boxes2D", "sha256": "3d9dbc64e7d9fe94ded3fe526e86e22c750b07426edbfb56e26a3c32351083cf", "size": 5742, "path": "media/metadata/boxes2D/BoundingBoxDebugger_233_3d9dbc64e7d9fe94ded3.boxes2D.json"}}, {"predictions": {"_type": "boxes2D", "sha256": "f0f68a88d9b3f49a8dfa50e3d658e29ca4d60b365cc96380303e9a6faa178015", "size": 9911, "path": "media/metadata/boxes2D/BoundingBoxDebugger_233_f0f68a88d9b3f49a8dfa.boxes2D.json"}}, {"predictions": {"_type": "boxes2D", "sha256": "871d6a45512fe2d3e563ac77ef7aa77080f9b46387a56f6c5be62c7eea053904", "size": 6021, "path": "media/metadata/boxes2D/BoundingBoxDebugger_233_871d6a45512fe2d3e563.boxes2D.json"}}, {"predictions": {"_type": "boxes2D", "sha256": "2d1315a469630fc41a65af76909bea339f5e11dcdcc91e37faa1a9a14c274adb", "size": 1827, "path": "media/metadata/boxes2D/BoundingBoxDebugger_233_2d1315a469630fc41a65.boxes2D.json"}}, {"predictions": {"_type": "boxes2D", "sha256": "918156a7cb34aac556c5d9861366a247cf53ea9f56340da24bab45b44f2cfe14", "size": 7180, "path": "media/metadata/boxes2D/BoundingBoxDebugger_233_918156a7cb34aac556c5.boxes2D.json"}}, {"predictions": {"_type": "boxes2D", "sha256": "2532ad1164fd98fda32e87943b4cc2b48f1271b6c1d6bfb338eb44c85647429f", "size": 3989, "path": "media/metadata/boxes2D/BoundingBoxDebugger_233_2532ad1164fd98fda32e.boxes2D.json"}}, {"predictions": {"_type": "boxes2D", "sha256": "f11ef919b9d5878406d8b1e2c71c165a9bc1a4c921698a3ee5e773a70f576bc8", "size": 6664, "path": "media/metadata/boxes2D/BoundingBoxDebugger_233_f11ef919b9d5878406d8.boxes2D.json"}}, {"predictions": {"_type": "boxes2D", "sha256": "460acadfc620db3df616d10fd2866706700d4c2fcf566ff42646b811a558c541", "size": 4769, "path": "media/metadata/boxes2D/BoundingBoxDebugger_233_460acadfc620db3df616.boxes2D.json"}}, {"predictions": {"_type": "boxes2D", "sha256": "6be7d04b59fb3bd09cc12ec59555b5ba73e6792901521ffa106e5f88a3a08452", "size": 3393, "path": "media/metadata/boxes2D/BoundingBoxDebugger_233_6be7d04b59fb3bd09cc1.boxes2D.json"}}, {"predictions": {"_type": "boxes2D", "sha256": "262c9a5efa719fe40b8aa29665490a2228dc6daf5b5807887971daabf31174ea", "size": 6486, "path": "media/metadata/boxes2D/BoundingBoxDebugger_233_262c9a5efa719fe40b8a.boxes2D.json"}}, {"predictions": {"_type": "boxes2D", "sha256": "4e9decf4d0dcc259ab13ad761c978599b2e894c2337cbfc9da23d8a60ffab68d", "size": 4783, "path": "media/metadata/boxes2D/BoundingBoxDebugger_233_4e9decf4d0dcc259ab13.boxes2D.json"}}, {"predictions": {"_type": "boxes2D", "sha256": "ebf9e3a89d8bacd7e1b4e406720c13bb30192e169367aebf6454238c250a8fdc", "size": 8652, "path": "media/metadata/boxes2D/BoundingBoxDebugger_233_ebf9e3a89d8bacd7e1b4.boxes2D.json"}}, {"predictions": {"_type": "boxes2D", "sha256": "156d79376c823ccbb3695dd1372991e1a9900aad874385f71b47e77a0e61f5d1", "size": 4051, "path": "media/metadata/boxes2D/BoundingBoxDebugger_233_156d79376c823ccbb369.boxes2D.json"}}]}, "Validation": {"_type": "images/separated", "width": 1088, "height": 768, "format": "jpg", "count": 6, "filenames": ["media/images/Validation_234_2484a990b2870895d950.jpg", "media/images/Validation_234_a4dd08bc3630a967d1dd.jpg", "media/images/Validation_234_3d941855b9bc20296517.jpg", "media/images/Validation_234_bd7f936efc42217df6fb.jpg", "media/images/Validation_234_98dddee09de00e057c09.jpg", "media/images/Validation_234_7ff7bf4ca17ce3d0dc24.jpg"], "captions": ["val_batch0_labels.jpg", "val_batch0_pred.jpg", "val_batch1_labels.jpg", "val_batch1_pred.jpg", "val_batch2_labels.jpg", "val_batch2_pred.jpg"]}, "Results": {"_type": "images/separated", "width": 3600, "height": 1200, "format": "png", "count": 6, "filenames": ["media/images/Results_234_959f537991af21f2f65f.png", "media/images/Results_234_35d1a8953bb12119093a.png", "media/images/Results_234_84b61c4fcbd6fda96b28.png", "media/images/Results_234_0ff4561745f4432977f1.png", "media/images/Results_234_0cceed74abf358e15d88.png", "media/images/Results_234_f720f447650ba92ade06.png"], "captions": ["results.png", "confusion_matrix.png", "F1_curve.png", "PR_curve.png", "P_curve.png", "R_curve.png"]}, "_wandb": {"runtime": 46786}}