{"Labels": [], "Mosaics": [], "train/box_loss": 0.09179604798555374, "train/obj_loss": 0.038627926260232925, "train/cls_loss": 0.03970928117632866, "train/theta_loss": 0.30540183186531067, "metrics/precision": 0.5025466733744001, "metrics/recall": 0.03431372549019608, "metrics/HBBmAP.5": 0.0013760787863029051, "metrics/HBBmAP.5:.95": 0.00034308064854397466, "val/box_loss": 0.09140855073928833, "val/obj_loss": 0.03300420567393303, "val/cls_loss": 0.038038820028305054, "val/theta_loss": 0.28204527497291565, "x/lr0": 0.009949685755931189, "x/lr1": 0.009949685755931189, "x/lr2": 0.010449685755931193, "_timestamp": 1699502161.9780722, "_runtime": 688.5880961418152, "_step": 2, "_wandb": {"runtime": 719}}